metric,season_start,value,n
jersey_height_cor,1980,0.4420302790856407,277
jersey_height_cor,1981,0.49561911533896535,308
jersey_height_cor,1982,0.4681435716104844,306
jersey_height_cor,1983,0.5210643654956629,303
jersey_height_cor,1984,0.5415310454021461,310
jersey_height_cor,1985,0.5209328289793697,313
jersey_height_cor,1986,0.5017127078637698,330
jersey_height_cor,1987,0.5674488037186299,324
jersey_height_cor,1988,0.5305044132565542,347
jersey_height_cor,1989,0.5296170038926463,374
jersey_height_cor,1990,0.5061836667176733,377
jersey_height_cor,1991,0.4578273332569802,378
jersey_height_cor,1992,0.46329025015950004,385
jersey_height_cor,1993,0.5196923817443431,398
jersey_height_cor,1994,0.49444891750586856,393
jersey_height_cor,1995,0.4662146244103631,417
jersey_height_cor,1996,0.44182496617554223,354
jersey_height_cor,1997,0.42697368900368965,351
jersey_height_cor,1998,0.4265945964868648,347
jersey_height_cor,1999,0.3790970004567886,344
jersey_height_cor,2000,0.3844580884395089,352
jersey_height_cor,2001,0.3323183495020567,367
jersey_height_cor,2002,0.3368640335346012,464
jersey_height_cor,2003,0.31297037320322496,415
jersey_height_cor,2004,0.3133683939165923,378
jersey_height_cor,2005,0.25346681793609077,409
jersey_height_cor,2006,0.27962344564550956,436
jersey_height_cor,2007,0.30420389880426413,430
jersey_height_cor,2008,0.27492630946865787,434
jersey_height_cor,2009,0.27827984779818493,429
jersey_height_cor,2010,0.24068222065238842,436
jersey_height_cor,2011,0.23772384597618232,442
jersey_height_cor,2012,0.252687400386027,446
jersey_height_cor,2013,0.25501179978552374,441
jersey_height_cor,2014,0.2735802086940381,450
jersey_height_cor,2015,0.25723772043008664,450
jersey_height_cor,2016,0.248089120431689,451
jersey_height_cor,2017,0.21534925902287416,502
jersey_height_cor,2018,0.23109895469695235,496
jersey_height_cor,2019,0.22773305756303194,509
jersey_height_cor,2020,0.2513956487050374,499
jersey_height_cor,2021,0.2525188646666298,503
jersey_height_cor,2022,0.22616862904775967,506
jersey_height_cor,2023,0.20434999741223184,529
jersey_height_cor,2024,0.11942320923923061,530
mean_height_in,1980,78.45394736842105,304
mean_height_in,1981,78.61587301587302,315
mean_height_in,1982,78.6952380952381,315
mean_height_in,1983,78.86407766990291,309
mean_height_in,1984,78.83699059561128,319
mean_height_in,1985,79.1141975308642,324
mean_height_in,1986,79.06586826347305,334
mean_height_in,1987,79.09063444108762,331
mean_height_in,1988,79.0028409090909,352
mean_height_in,1989,78.84736842105264,380
mean_height_in,1990,78.9922077922078,385
mean_height_in,1991,78.83333333333333,384
mean_height_in,1992,78.8840206185567,388
mean_height_in,1993,79.03482587064677,402
mean_height_in,1994,78.84788029925187,401
mean_height_in,1995,79.07159904534606,419
mean_height_in,1996,79.18361581920904,354
mean_height_in,1997,79.02564102564102,351
mean_height_in,1998,79.27665706051873,347
mean_height_in,1999,79.11627906976744,344
mean_height_in,2000,79.21306818181819,352
mean_height_in,2001,79.1825613079019,367
mean_height_in,2002,79.37473233404711,467
mean_height_in,2003,79.32451923076923,416
mean_height_in,2004,79.23280423280423,378
mean_height_in,2005,79.07021791767555,413
mean_height_in,2006,79.0756880733945,436
mean_height_in,2007,79.19767441860465,430
mean_height_in,2008,79.24137931034483,435
mean_height_in,2009,79.15777262180974,431
mean_height_in,2010,79.27231121281464,437
mean_height_in,2011,79.05429864253394,442
mean_height_in,2012,79.0695067264574,446
mean_height_in,2013,79.15848214285714,448
mean_height_in,2014,79.15555555555555,450
mean_height_in,2015,79.22666666666667,450
mean_height_in,2016,79.19068736141907,451
mean_height_in,2017,78.93227091633466,502
mean_height_in,2018,79.02213279678068,497
mean_height_in,2019,78.41568627450981,510
mean_height_in,2020,78.30616302186878,503
mean_height_in,2021,78.1798418972332,506
mean_height_in,2022,78.52362204724409,508
mean_height_in,2023,78.5093984962406,532
mean_height_in,2024,78.5187265917603,534
num6_count,1980,5.0,277
num6_count,1981,4.0,308
num6_count,1982,4.0,306
num6_count,1983,3.0,303
num6_count,1984,3.0,310
num6_count,1985,4.0,313
num6_count,1986,7.0,330
num6_count,1987,6.0,324
num6_count,1988,6.0,347
num6_count,1989,3.0,374
num6_count,1990,3.0,377
num6_count,1991,4.0,378
num6_count,1992,6.0,385
num6_count,1993,4.0,398
num6_count,1994,4.0,393
num6_count,1995,4.0,417
num6_count,1996,6.0,354
num6_count,1997,5.0,351
num6_count,1998,5.0,347
num6_count,1999,7.0,344
num6_count,2000,4.0,352
num6_count,2001,9.0,367
num6_count,2002,11.0,464
num6_count,2003,9.0,415
num6_count,2004,6.0,378
num6_count,2005,8.0,409
num6_count,2006,12.0,436
num6_count,2007,10.0,430
num6_count,2008,9.0,434
num6_count,2009,14.0,429
num6_count,2010,13.0,436
num6_count,2011,14.0,442
num6_count,2012,10.0,446
num6_count,2013,10.0,441
num6_count,2014,8.0,450
num6_count,2015,12.0,450
num6_count,2016,12.0,451
num6_count,2017,10.0,502
num6_count,2018,15.0,496
num6_count,2019,14.0,509
num6_count,2020,13.0,499
num6_count,2021,17.0,503
num6_count,2022,12.0,506
num6_count,2023,4.0,529
num6_count,2024,2.0,530
share_above_55,1980,0.0,277
share_above_55,1981,0.0,308
share_above_55,1982,0.0,306
share_above_55,1983,0.0,303
share_above_55,1984,0.0,310
share_above_55,1985,0.0,313
share_above_55,1986,0.0,330
share_above_55,1987,0.0,324
share_above_55,1988,0.0,347
share_above_55,1989,0.0,374
share_above_55,1990,0.0,377
share_above_55,1991,0.0,378
share_above_55,1992,0.0,385
share_above_55,1993,0.005025125628140704,398
share_above_55,1994,0.005089058524173028,393
share_above_55,1995,0.004796163069544364,417
share_above_55,1996,0.00847457627118644,354
share_above_55,1997,0.002849002849002849,351
share_above_55,1998,0.002881844380403458,347
share_above_55,1999,0.005813953488372093,344
share_above_55,2000,0.0,352
share_above_55,2001,0.0027247956403269754,367
share_above_55,2002,0.0021551724137931034,464
share_above_55,2003,0.00963855421686747,415
share_above_55,2004,0.013227513227513227,378
share_above_55,2005,0.009779951100244499,409
share_above_55,2006,0.006880733944954129,436
share_above_55,2007,0.009302325581395349,430
share_above_55,2008,0.009216589861751152,434
share_above_55,2009,0.009324009324009324,429
share_above_55,2010,0.013761467889908258,436
share_above_55,2011,0.01583710407239819,442
share_above_55,2012,0.013452914798206279,446
share_above_55,2013,0.018140589569160998,441
share_above_55,2014,0.015555555555555555,450
share_above_55,2015,0.015555555555555555,450
share_above_55,2016,0.015521064301552107,451
share_above_55,2017,0.013944223107569721,502
share_above_55,2018,0.014112903225806451,496
share_above_55,2019,0.021611001964636542,509
share_above_55,2020,0.03006012024048096,499
share_above_55,2021,0.02186878727634195,503
share_above_55,2022,0.021739130434782608,506
share_above_55,2023,0.020793950850661626,529
share_above_55,2024,0.024528301886792454,530
share_zero,1980,0.007220216606498195,277
share_zero,1981,0.012987012987012988,308
share_zero,1982,0.013071895424836602,306
share_zero,1983,0.013201320132013201,303
share_zero,1984,0.012903225806451613,310
share_zero,1985,0.019169329073482427,313
share_zero,1986,0.01818181818181818,330
share_zero,1987,0.015432098765432098,324
share_zero,1988,0.011527377521613832,347
share_zero,1989,0.013368983957219251,374
share_zero,1990,0.01856763925729443,377
share_zero,1991,0.021164021164021163,378
share_zero,1992,0.015584415584415584,385
share_zero,1993,0.020100502512562814,398
share_zero,1994,0.017811704834605598,393
share_zero,1995,0.011990407673860911,417
share_zero,1996,0.01977401129943503,354
share_zero,1997,0.019943019943019943,351
share_zero,1998,0.01440922190201729,347
share_zero,1999,0.01744186046511628,344
share_zero,2000,0.014204545454545454,352
share_zero,2001,0.01634877384196185,367
share_zero,2002,0.021551724137931036,464
share_zero,2003,0.01927710843373494,415
share_zero,2004,0.015873015873015872,378
share_zero,2005,0.012224938875305624,409
share_zero,2006,0.009174311926605505,436
share_zero,2007,0.009302325581395349,430
share_zero,2008,0.016129032258064516,434
share_zero,2009,0.027972027972027972,429
share_zero,2010,0.027522935779816515,436
share_zero,2011,0.027149321266968326,442
share_zero,2012,0.03811659192825112,446
share_zero,2013,0.04081632653061224,441
share_zero,2014,0.03777777777777778,450
share_zero,2015,0.042222222222222223,450
share_zero,2016,0.050997782705099776,451
share_zero,2017,0.05179282868525897,502
share_zero,2018,0.04032258064516129,496
share_zero,2019,0.047151277013752456,509
share_zero,2020,0.050100200400801605,499
share_zero,2021,0.04970178926441352,503
share_zero,2022,0.05138339920948617,506
share_zero,2023,0.0661625708884688,529
share_zero,2024,0.06792452830188679,530
